[{"search_click": "prabhas", "time": "2019-08-27T14:38:12-07:00", "type": "hashtag"}, {"search_click": "officialsaahomovie", "time": "2019-08-27T14:38:11-07:00", "type": "user"}, {"search_click": "9gag", "time": "2019-08-27T14:38:10-07:00", "type": "user"}, {"search_click": "kammarajyamlokadapareddlu", "time": "2019-08-27T14:38:10-07:00", "type": "hashtag"}, {"search_click": "kammarajyamlokadaparedlu", "time": "2019-08-27T14:38:10-07:00", "type": "hashtag"}, {"search_click": "nayani_pavani", "time": "2019-08-27T14:38:09-07:00", "type": "user"}, {"search_click": "sreenidhi__reddy_", "time": "2019-08-27T14:36:33-07:00", "type": "user"}, {"search_click": "deepika_pilli", "time": "2019-08-27T14:36:32-07:00", "type": "user"}, {"search_click": "monicaraochintapally", "time": "2019-08-27T14:36:31-07:00", "type": "user"}, {"search_click": "_harinisalla", "time": "2019-08-27T14:30:24-07:00", "type": "user"}]