{"polls": [["2018-12-09T18:58:13", "capdt"], ["2018-12-06T21:55:48", "capdt"], ["2018-12-05T18:38:06", "capdt"], ["2018-12-01T10:04:29", "capdt"], ["2018-12-01T10:04:25", "capdt"], ["2018-11-27T23:13:46", "capdt"], ["2018-11-22T00:52:19", "rashmika_mandanna"], ["2018-05-21T20:34:50", "rana.ashish06"]], "emoji_sliders": [["2019-01-29T13:17:52", "superman_abhi5222"]], "questions": [], "countdowns": [], "quizzes": [["2019-05-30T20:59:58", "sarcasm_only"], ["2019-05-30T20:59:52", "sarcasm_only"], ["2019-05-30T20:59:44", "sarcasm_only"], ["2019-05-30T20:59:38", "sarcasm_only"], ["2019-05-30T20:59:30", "sarcasm_only"]], "chats": []}